[
  {
    "state":"Alaska",
    "coordinate": {
      "lat":61.3850,
      "lng":-152.2683
    }
  },
  {
    "state":"Alabama",
    "coordinate": {
      "lat":32.7990,
      "lng":-86.8073
    }
  },
  {
    "state":"Arkansas",
    "coordinate": {
      "lat":34.9513,
      "lng":-92.3809
    }
  },
  {
    "state":"Arizona",
    "coordinate": {
      "lat":33.7712,
      "lng":-111.3877
    }
  },
  {
    "state":"California",
    "coordinate": {
      "lat":36.1700,
      "lng":-119.7462
    }
  },
  {
    "state":"Colorado",
    "coordinate": {
      "lat":39.0646,
      "lng":-105.3272
    }
  },
  {
    "state":"Connecticut",
    "coordinate": {
      "lat":41.5834,
      "lng":-72.7622
    }
  },
  {
    "state":"Delaware",
    "coordinate": {
      "lat":39.3498,
      "lng":-75.5148
    }
  },
  {
    "state":"Florida",
    "coordinate": {
      "lat":27.8333,
      "lng":-81.7170
    }
  },
  {
    "state":"Georgia",
    "coordinate": {
      "lat":32.9866,
      "lng":-83.6487
    }
  },
  {
    "state":"Hawaii",
    "coordinate": {
      "lat":21.1098,
      "lng":-157.5311
    }
  },
  {
    "state":"Iowa",
    "coordinate": {
      "lat":42.0046,
      "lng":-93.2140
    }
  },
  {
    "state":"Idaho",
    "coordinate": {
      "lat":44.2394,
      "lng":-114.5103
    }
  },
  {
    "state":"Illinois",
    "coordinate": {
      "lat":40.3363,
      "lng":-89.0022
    }
  },
  {
    "state":"Indiana",
    "coordinate": {
      "lat":39.8647,
      "lng":-86.2604
    }
  },
  {
    "state":"Kansas",
    "coordinate": {
      "lat":38.5111,
      "lng":-96.8005
    }
  },
  {
    "state":"Kentucky",
    "coordinate": {
      "lat":37.6690,
      "lng":-84.6514
    }
  },
  {
    "state":"Louisiana",
    "coordinate": {
      "lat":31.1801,
      "lng":-91.8749
    }
  },
  {
    "state":"Massachusetts",
    "coordinate": {
      "lat":42.2373,
      "lng":-71.5314
    }
  },
  {
    "state":"Maryland",
    "coordinate": {
      "lat":39.0724,
      "lng":-76.7902
    }
  },
  {
    "state":"Maine",
    "coordinate": {
      "lat":44.6074,
      "lng":-69.3977
    }
  },
  {
    "state":"Michigan",
    "coordinate": {
      "lat":43.3504,
      "lng":-84.5603
    }
  },
  {
    "state":"Minnesota",
    "coordinate": {
      "lat":45.7326,
      "lng":-93.9196
    }
  },
  {
    "state":"Missouri",
    "coordinate": {
      "lat":38.4623,
      "lng":-92.3020
    }
  },
  {
    "state":"Mississippi",
    "coordinate": {
      "lat":32.7673,
      "lng":-89.6812
    }
  },
  {
    "state":"Montana",
    "coordinate": {
      "lat":46.9048,
      "lng":-110.3261
    }
  },
  {
    "state":"North Carolina",
    "coordinate": {
      "lat":35.6411,
      "lng":-79.8431
    }
  },
  {
    "state":"North Dakota",
    "coordinate": {
      "lat":47.5362,
      "lng":-99.7930
    }
  },
  {
    "state":"Nebraska",
    "coordinate": {
      "lat":41.1289,
      "lng":-98.2883
    }
  },
  {
    "state":"New Hampshire",
    "coordinate": {
      "lat":43.4108,
      "lng":-71.5653
    }
  },
  {
    "state":"New Jersey",
    "coordinate": {
      "lat":40.3140,
      "lng":-74.5089
    }
  },
  {
    "state":"New Mexico",
    "coordinate": {
      "lat":34.8375,
      "lng":-106.2371
    }
  },
  {
    "state":"Nevada",
    "coordinate": {
      "lat":38.4199,
      "lng":-117.1219
    }
  },
  {
    "state":"New York",
    "coordinate": {
      "lat":42.1497,
      "lng":-74.9384
    }
  },
  {
    "state":"Ohio",
    "coordinate": {
      "lat":40.3736,
      "lng":-82.7755
    }
  },
  {
    "state":"Oklahoma",
    "coordinate": {
      "lat":35.5376,
      "lng":-96.9247
    }
  },
  {
    "state":"Oregon",
    "coordinate": {
      "lat":44.5672,
      "lng":-122.1269
    }
  },
  {
    "state":"Pennsylvania",
    "coordinate": {
      "lat":40.5773,
      "lng":-77.2640
    }
  },
  {
    "state":"Rhode Island",
    "coordinate": {
      "lat":41.6772,
      "lng":-71.5101
    }
  },
  {
    "state":"South Carolina",
    "coordinate": {
      "lat":33.8191,
      "lng":-80.9066
    }
  },
  {
    "state":"South Dakota",
    "coordinate": {
      "lat":44.2853,
      "lng":-99.4632
    }
  },
  {
    "state":"Tennessee",
    "coordinate": {
      "lat":35.7449,
      "lng":-86.7489
    }
  },
  {
    "state":"Texas",
    "coordinate": {
      "lat":31.1060,
      "lng":-97.6475
    }
  },
  {
    "state":"Utah",
    "coordinate": {
      "lat":40.1135,
      "lng":-111.8535
    }
  },
  {
    "state":"Virginia",
    "coordinate": {
      "lat":37.7680,
      "lng":-78.2057
    }
  },
  {
    "state":"Vermont",
    "coordinate": {
      "lat":44.0407,
      "lng":-72.7093
    }
  },
  {
    "state":"Washington",
    "coordinate": {
      "lat":47.3917,
      "lng":-121.5708
    }
  },
  {
    "state":"Wisconsin",
    "coordinate": {
      "lat":44.2563,
      "lng":-89.6385
    }
  },
  {
    "state":"West Virginia",
    "coordinate": {
      "lat":38.4680,
      "lng":-80.9696
    }
  },
  {
    "state":"Wyoming",
    "coordinate": {
      "lat":42.7475,
      "lng":-107.2085
    }
  }
]